-- phpMyAdmin SQL Dump
-- version 4.6.6deb5
-- https://www.phpmyadmin.net/
--
-- Host: localhost:3306
-- Generation Time: Dec 09, 2018 at 04:24 PM
-- Server version: 5.7.24-0ubuntu0.18.04.1
-- PHP Version: 7.2.10-0ubuntu0.18.04.1

SET SQL_MODE = "NO_AUTO_VALUE_ON_ZERO";
SET time_zone = "+00:00";


/*!40101 SET @OLD_CHARACTER_SET_CLIENT=@@CHARACTER_SET_CLIENT */;
/*!40101 SET @OLD_CHARACTER_SET_RESULTS=@@CHARACTER_SET_RESULTS */;
/*!40101 SET @OLD_COLLATION_CONNECTION=@@COLLATION_CONNECTION */;
/*!40101 SET NAMES utf8mb4 */;

--
-- Database: `Cocktails_v4`
--

-- --------------------------------------------------------

--
-- Table structure for table `besteht`
--

CREATE TABLE `besteht` (
  `CID` int(10) UNSIGNED NOT NULL,
  `ZID` smallint(5) UNSIGNED NOT NULL,
  `Menge` decimal(6,2) UNSIGNED NOT NULL,
  `Einheit` varchar(30) COLLATE latin1_german1_ci NOT NULL
) ENGINE=InnoDB DEFAULT CHARSET=latin1 COLLATE=latin1_german1_ci;

--
-- Dumping data for table `besteht`
--

INSERT INTO `besteht` (`CID`, `ZID`, `Menge`, `Einheit`) VALUES
(1, 1, '2.00', 'cl'),
(1, 2, '2.00', 'cl'),
(1, 3, '8.00', 'cl'),
(1, 4, '8.00', 'cl'),
(2, 1, '2.00', 'cl'),
(2, 2, '1.00', 'cl'),
(2, 3, '8.00', 'cl'),
(2, 4, '8.00', 'cl'),
(2, 5, '2.00', 'cl'),
(3, 1, '3.00', 'cl'),
(3, 2, '0.10', 'cl (1 dash)'),
(3, 4, '4.00', 'cl'),
(3, 5, '2.00', 'cl'),
(3, 6, '4.00', 'cl'),
(4, 2, '0.20', 'cl (2 dashes)'),
(4, 3, '5.00', 'cl'),
(4, 7, '5.00', 'cl'),
(4, 8, '0.20', 'cl (2 dashes)'),
(5, 4, '6.00', 'cl'),
(5, 9, '0.50', 'piece'),
(5, 10, '1.00', 'cl'),
(5, 11, '0.20', 'piece (1 slice)'),
(6, 4, '6.00', 'cl'),
(6, 5, '4.00', 'cl'),
(7, 2, '0.10', 'cl (1 dash)'),
(7, 12, '10.00', 'cl'),
(7, 13, '10.00', 'cl'),
(8, 14, '0.20', 'cl (2 dashes)'),
(8, 15, '3.00', 'cl'),
(8, 16, '1.50', 'cl'),
(8, 17, '1.50', 'cl'),
(9, 7, '2.00', 'cl'),
(9, 14, '0.20', 'cl (2 dashes)'),
(9, 18, '5.00', 'cl'),
(9, 19, '1.00', 'cl'),
(10, 2, '0.10', 'cl (1 dash)'),
(10, 17, '1.00', 'cl'),
(10, 20, '1.00', 'cl'),
(10, 21, '4.00', 'cl'),
(10, 22, '2.00', 'cl'),
(11, 22, '1.00', 'cl'),
(11, 23, '5.00', 'cl'),
(12, 4, '1.00', 'cl'),
(12, 17, '1.00', 'cl'),
(12, 20, '1.00', 'cl'),
(12, 23, '3.00', 'cl'),
(13, 17, '1.50', 'cl'),
(13, 22, '1.50', 'cl'),
(13, 24, '0.10', 'cl (1 dash)'),
(13, 25, '3.00', 'cl'),
(14, 12, '15.00', 'cl'),
(14, 25, '5.00', 'cl'),
(15, 3, '4.00', 'cl'),
(15, 12, '12.00', 'cl'),
(15, 23, '4.00', 'cl'),
(16, 9, '0.25', 'piece'),
(16, 12, '13.00', 'cl'),
(16, 26, '2.00', 'cl'),
(16, 27, '5.00', 'cl'),
(17, 12, '15.00', 'cl'),
(17, 21, '5.00', 'cl'),
(18, 17, '3.00', 'cl'),
(18, 28, '3.00', 'cl'),
(19, 29, '2.00', 'cl'),
(19, 30, '4.00', 'cl'),
(20, 9, '0.25', 'piece'),
(20, 31, '5.00', 'cl'),
(20, 32, '12.00', 'g (2 spoons)'),
(21, 7, '2.00', 'cl'),
(21, 27, '4.00', 'cl'),
(21, 33, '2.00', 'cl'),
(22, 8, '4.00', 'cl'),
(22, 9, '0.50', 'piece'),
(22, 21, '6.00', 'cl'),
(22, 34, '4.00', 'g (1 spoon)'),
(22, 35, '3.00', 'piece'),
(23, 4, '6.00', 'cl'),
(23, 5, '4.00', 'cl'),
(23, 21, '6.00', 'cl'),
(24, 3, '10.00', 'cl'),
(24, 30, '5.00', 'cl'),
(25, 1, '2.00', 'cl'),
(25, 4, '6.00', 'cl'),
(25, 5, '2.00', 'cl'),
(25, 21, '2.00', 'cl'),
(25, 30, '2.00', 'cl'),
(25, 36, '2.00', 'cl'),
(26, 2, '0.20', 'cl (2 dashes)'),
(26, 3, '10.00', 'cl'),
(26, 9, '0.50', 'piece'),
(26, 27, '6.00', 'cl'),
(27, 7, '2.00', 'cl'),
(27, 19, '1.00', 'cl'),
(27, 25, '4.00', 'cl'),
(27, 34, '4.00', 'g (1 spoon)'),
(28, 1, '0.10', 'cl (1 dash)'),
(28, 29, '2.00', 'cl'),
(28, 30, '3.00', 'cl'),
(29, 2, '0.20', 'cl (2 dashes)'),
(29, 3, '2.00', 'cl'),
(29, 7, '4.00', 'cl'),
(29, 21, '2.00', 'cl'),
(29, 37, '2.00', 'cl'),
(29, 38, '2.00', 'cl'),
(29, 39, '6.00', 'cl'),
(30, 3, '8.00', 'cl'),
(30, 30, '4.00', 'cl'),
(30, 40, '4.00', 'cl'),
(30, 41, '4.00', 'cl'),
(31, 33, '2.00', 'cl'),
(31, 38, '1.00', 'cl'),
(31, 42, '2.00', 'cl'),
(31, 43, '2.00', 'cl'),
(32, 27, '1.00', 'cl'),
(32, 30, '1.00', 'cl'),
(32, 36, '1.00', 'cl'),
(33, 42, '3.00', 'cl'),
(33, 44, '3.00', 'cl'),
(34, 29, '2.00', 'cl'),
(34, 42, '2.00', 'cl'),
(34, 44, '2.00', 'cl'),
(35, 13, '3.50', 'cl'),
(35, 27, '2.50', 'cl'),
(36, 7, '2.00', 'cl'),
(36, 19, '2.00', 'cl'),
(36, 21, '4.00', 'cl'),
(36, 39, '0.20', 'cl (2 dashes)'),
(37, 4, '4.00', 'cl'),
(37, 10, '1.00', 'cl'),
(37, 25, '4.00', 'cl'),
(37, 33, '1.00', 'cl'),
(38, 3, '3.00', 'cl'),
(38, 7, '3.00', 'cl'),
(38, 45, '3.00', 'cl'),
(39, 7, '3.00', 'cl'),
(39, 19, '1.00', 'cl'),
(39, 23, '4.00', 'cl'),
(39, 34, '4.00', 'g (1 spoon)'),
(40, 7, '2.00', 'cl'),
(40, 19, '2.00', 'cl'),
(40, 27, '4.00', 'cl'),
(41, 7, '2.00', 'cl'),
(41, 19, '2.00', 'cl'),
(41, 30, '4.00', 'cl'),
(42, 8, '2.00', 'cl'),
(42, 22, '5.00', 'cl'),
(42, 26, '1.00', 'cl'),
(43, 14, '0.10', 'cl (1 dash)'),
(43, 16, '2.00', 'cl'),
(43, 22, '2.00', 'cl'),
(44, 15, '3.00', 'cl'),
(44, 22, '3.00', 'cl'),
(44, 46, '2.00', 'cl'),
(45, 21, '5.00', 'cl'),
(45, 22, '1.00', 'cl'),
(46, 7, '1.00', 'cl'),
(46, 30, '4.00', 'cl'),
(46, 47, '12.00', 'cl'),
(47, 22, '2.00', 'cl'),
(47, 23, '2.00', 'cl'),
(47, 46, '0.20', 'cl (2 dashes)'),
(48, 17, '1.00', 'cl'),
(48, 22, '1.00', 'cl'),
(48, 24, '0.20', 'cl (2 dashes)'),
(48, 25, '4.00', 'cl'),
(49, 2, '0.10', 'cl (1 dash)'),
(49, 4, '4.00', 'cl'),
(49, 21, '4.00', 'cl'),
(49, 48, '0.10', 'cl (1 dash)'),
(50, 2, '0.20', 'cl (2 dashes)'),
(50, 9, '0.25', 'piece'),
(50, 25, '4.00', 'cl'),
(51, 2, '0.10', 'cl (1 dash)'),
(51, 3, '5.00', 'cl'),
(51, 7, '1.00', 'cl'),
(51, 49, '5.00', 'cl'),
(52, 25, '3.00', 'cl'),
(52, 46, '2.00', 'cl');

-- --------------------------------------------------------

--
-- Table structure for table `bestellt`
--

CREATE TABLE `bestellt` (
  `KundID` int(10) UNSIGNED NOT NULL,
  `CID` int(10) UNSIGNED NOT NULL,
  `Datum` date NOT NULL,
  `Anzahl` smallint(6) NOT NULL
) ENGINE=InnoDB DEFAULT CHARSET=latin1 COLLATE=latin1_german1_ci;

--
-- Dumping data for table `bestellt`
--

INSERT INTO `bestellt` (`KundID`, `CID`, `Datum`, `Anzahl`) VALUES
(1, 4, '2017-02-21', 2),
(1, 8, '2017-06-08', 2),
(1, 10, '2017-03-19', 2),
(1, 19, '2017-04-25', 3),
(1, 40, '2017-01-16', 1),
(1, 40, '2017-04-14', 1),
(2, 4, '2017-04-30', 2),
(2, 6, '2017-03-10', 2),
(2, 6, '2017-09-10', 2),
(2, 23, '2017-04-08', 2),
(2, 33, '2017-09-27', 2),
(2, 34, '2017-09-26', 2),
(2, 39, '2017-02-17', 2),
(2, 42, '2017-06-27', 3),
(2, 44, '2017-03-21', 3),
(2, 44, '2017-03-30', 1),
(3, 7, '2017-03-18', 3),
(3, 8, '2017-02-15', 1),
(3, 23, '2017-10-09', 2),
(3, 31, '2017-09-10', 2),
(3, 42, '2017-03-24', 2),
(3, 50, '2017-08-07', 2),
(4, 1, '2017-03-30', 1),
(4, 11, '2017-02-23', 2),
(4, 24, '2017-05-09', 2),
(4, 25, '2017-01-22', 3),
(4, 25, '2017-04-07', 3),
(4, 35, '2017-06-09', 2),
(4, 38, '2017-09-01', 2),
(4, 40, '2017-06-20', 2),
(4, 48, '2017-03-09', 2),
(5, 13, '2017-02-08', 2),
(5, 13, '2017-02-26', 3),
(5, 23, '2017-02-03', 2),
(5, 35, '2017-09-12', 1),
(5, 40, '2017-10-12', 2),
(5, 47, '2017-04-26', 2),
(6, 9, '2017-10-12', 1),
(6, 15, '2017-10-22', 3),
(6, 17, '2017-01-14', 1),
(6, 21, '2017-09-05', 3),
(6, 23, '2017-01-02', 2),
(6, 23, '2017-08-16', 2),
(6, 25, '2017-05-03', 2),
(6, 37, '2017-02-26', 1),
(6, 37, '2017-05-24', 2),
(6, 38, '2017-09-04', 2),
(6, 40, '2017-10-22', 2),
(6, 44, '2017-05-28', 2),
(6, 52, '2017-05-27', 1),
(7, 10, '2017-05-12', 1),
(7, 10, '2017-06-10', 1),
(7, 21, '2017-03-31', 2),
(7, 32, '2017-01-27', 1),
(8, 8, '2017-05-16', 2),
(8, 12, '2017-10-13', 1),
(8, 13, '2017-02-02', 2),
(8, 20, '2017-02-12', 2),
(8, 20, '2017-02-21', 3),
(8, 23, '2017-06-27', 3),
(8, 26, '2017-06-29', 1),
(8, 41, '2017-02-13', 1),
(8, 42, '2017-03-31', 3),
(9, 21, '2017-06-14', 1),
(9, 26, '2017-08-22', 1),
(9, 31, '2017-01-13', 2),
(9, 33, '2017-08-21', 2),
(9, 34, '2017-05-08', 2),
(9, 36, '2017-08-01', 3),
(9, 43, '2017-08-21', 3),
(9, 45, '2017-08-24', 2),
(9, 49, '2017-08-03', 1),
(10, 6, '2017-04-26', 3),
(10, 12, '2017-04-01', 1),
(10, 18, '2017-01-11', 2),
(10, 23, '2017-09-03', 2),
(10, 24, '2017-02-25', 3),
(10, 31, '2017-02-14', 3),
(10, 48, '2017-02-15', 3),
(10, 49, '2017-01-15', 3),
(10, 51, '2017-09-02', 3),
(11, 15, '2017-08-21', 3),
(11, 26, '2017-01-12', 2),
(11, 29, '2017-03-13', 3),
(11, 31, '2017-04-25', 2),
(11, 34, '2017-04-16', 2),
(11, 40, '2017-01-04', 2),
(11, 41, '2017-07-08', 3),
(11, 47, '2017-05-16', 1),
(11, 49, '2017-02-25', 3),
(11, 51, '2017-03-12', 3),
(11, 52, '2017-06-20', 3),
(12, 1, '2017-05-04', 3),
(12, 7, '2017-09-24', 3),
(12, 12, '2017-05-26', 1),
(12, 17, '2017-05-21', 3),
(12, 21, '2017-07-02', 2),
(12, 22, '2017-07-14', 3),
(12, 34, '2017-07-27', 2),
(12, 43, '2017-10-17', 2),
(12, 45, '2017-08-04', 2),
(12, 49, '2017-08-03', 1),
(14, 2, '2017-08-07', 3),
(14, 9, '2017-01-24', 1),
(14, 20, '2017-04-18', 3),
(14, 20, '2017-05-19', 2),
(14, 29, '2017-08-08', 3),
(14, 43, '2017-05-14', 3),
(14, 45, '2017-03-20', 3),
(15, 13, '2017-02-06', 2),
(15, 20, '2017-06-13', 1),
(15, 22, '2017-01-06', 1),
(15, 35, '2017-07-25', 1),
(15, 36, '2017-07-06', 2),
(15, 41, '2017-02-20', 3),
(15, 45, '2017-01-09', 2),
(15, 52, '2017-07-08', 2),
(16, 10, '2017-04-02', 1),
(16, 14, '2017-03-04', 2),
(16, 15, '2017-01-15', 1),
(16, 15, '2017-07-20', 1),
(16, 20, '2017-05-28', 3),
(16, 29, '2017-04-10', 3),
(16, 45, '2017-04-15', 3),
(16, 49, '2017-04-12', 1),
(17, 18, '2017-07-23', 3),
(17, 23, '2017-07-17', 2),
(17, 43, '2017-03-31', 2),
(18, 11, '2017-05-25', 1),
(18, 11, '2017-08-31', 3),
(18, 11, '2017-09-21', 1),
(18, 12, '2017-05-28', 3),
(18, 21, '2017-02-09', 3),
(18, 22, '2017-07-20', 3),
(18, 24, '2017-07-26', 2),
(18, 27, '2017-10-02', 1),
(18, 32, '2017-07-09', 2),
(18, 39, '2017-09-21', 3),
(18, 52, '2017-10-10', 3),
(19, 11, '2017-09-06', 3),
(19, 12, '2017-07-27', 3),
(19, 24, '2017-02-27', 3),
(19, 35, '2017-01-26', 3),
(19, 40, '2017-06-15', 2),
(19, 41, '2017-05-27', 3),
(19, 48, '2017-07-27', 2),
(20, 10, '2017-08-16', 2),
(20, 13, '2017-05-01', 1),
(20, 25, '2017-10-17', 3),
(20, 45, '2017-07-17', 3),
(20, 48, '2017-09-22', 2),
(20, 49, '2017-01-04', 1),
(20, 50, '2017-04-21', 3),
(21, 1, '2017-10-14', 2),
(21, 2, '2017-06-19', 2),
(21, 10, '2017-07-26', 2),
(21, 17, '2017-01-07', 1),
(21, 21, '2017-09-21', 1),
(21, 34, '2017-04-02', 2),
(21, 34, '2017-07-03', 3),
(21, 43, '2017-04-22', 2),
(23, 7, '2017-04-14', 3),
(23, 17, '2017-07-08', 3),
(23, 20, '2017-10-10', 2),
(23, 27, '2017-01-03', 3),
(23, 30, '2017-06-27', 1),
(23, 33, '2017-01-15', 3),
(23, 35, '2017-10-05', 3),
(23, 39, '2017-05-05', 1),
(23, 40, '2017-05-29', 3),
(23, 40, '2017-08-07', 1),
(23, 43, '2017-05-10', 3),
(23, 48, '2017-01-09', 1),
(23, 51, '2017-08-06', 3),
(24, 13, '2017-10-16', 2),
(24, 21, '2017-01-18', 2),
(24, 25, '2017-02-26', 1),
(24, 27, '2017-10-17', 2),
(24, 30, '2017-10-06', 3),
(24, 41, '2017-08-08', 3),
(25, 8, '2017-04-20', 3),
(25, 12, '2017-03-05', 3),
(25, 12, '2017-07-15', 1),
(25, 20, '2017-01-02', 3),
(25, 26, '2017-03-10', 1),
(25, 26, '2017-08-23', 2),
(25, 29, '2017-10-01', 1),
(25, 34, '2017-10-03', 1),
(25, 43, '2017-04-21', 3),
(26, 9, '2017-01-21', 2),
(26, 11, '2017-03-21', 1),
(26, 15, '2017-08-20', 1),
(26, 20, '2017-10-01', 3),
(26, 25, '2017-01-01', 2),
(26, 26, '2017-09-15', 1),
(26, 31, '2017-07-21', 2),
(26, 31, '2017-08-20', 2),
(26, 34, '2017-09-11', 1),
(26, 36, '2017-02-06', 1),
(26, 37, '2017-05-26', 3),
(26, 43, '2017-02-21', 1),
(27, 7, '2017-04-22', 3),
(27, 20, '2017-02-19', 3),
(27, 24, '2017-03-14', 1),
(27, 25, '2017-06-28', 2),
(27, 25, '2017-07-18', 3),
(27, 26, '2017-05-03', 1),
(27, 39, '2017-09-07', 1),
(27, 43, '2017-05-26', 1),
(27, 45, '2017-06-08', 1),
(27, 49, '2017-04-03', 1),
(28, 12, '2017-03-14', 2),
(28, 14, '2017-04-30', 3),
(28, 15, '2017-05-04', 3),
(28, 24, '2017-06-14', 2),
(28, 31, '2017-08-12', 2),
(28, 33, '2017-07-08', 3),
(28, 41, '2017-01-22', 2),
(28, 45, '2017-05-10', 1),
(29, 8, '2017-07-23', 1),
(29, 17, '2017-05-06', 2),
(29, 24, '2017-08-12', 3),
(29, 37, '2017-03-25', 1),
(29, 45, '2017-09-08', 1),
(30, 1, '2017-03-27', 2),
(30, 4, '2017-06-01', 1),
(30, 8, '2017-09-27', 1),
(30, 11, '2017-09-15', 3),
(30, 13, '2017-01-18', 2),
(30, 26, '2017-01-04', 3),
(30, 26, '2017-07-05', 3),
(30, 32, '2017-06-04', 2),
(30, 34, '2017-09-18', 3),
(30, 43, '2017-04-17', 3),
(31, 1, '2017-01-22', 1),
(31, 7, '2017-03-20', 2),
(31, 25, '2017-10-12', 3),
(31, 26, '2017-07-10', 2),
(31, 30, '2017-06-02', 2),
(31, 32, '2017-04-05', 1),
(31, 34, '2017-09-04', 2),
(31, 37, '2017-02-27', 2),
(31, 39, '2017-10-21', 2),
(32, 6, '2017-07-20', 2),
(32, 8, '2017-09-12', 1),
(32, 9, '2017-07-13', 1),
(32, 12, '2017-01-12', 2),
(32, 14, '2017-01-16', 3),
(32, 22, '2017-05-25', 1),
(32, 23, '2017-03-04', 3),
(32, 27, '2017-08-14', 2),
(32, 31, '2017-03-27', 3),
(32, 36, '2017-04-14', 3),
(32, 48, '2017-01-24', 2),
(32, 51, '2017-05-11', 2),
(33, 14, '2017-10-07', 1),
(33, 14, '2017-10-13', 3),
(33, 27, '2017-06-15', 3),
(33, 30, '2017-02-02', 1),
(33, 32, '2017-01-28', 2),
(33, 37, '2017-03-09', 3),
(33, 42, '2017-03-20', 1),
(33, 43, '2017-05-04', 1),
(33, 51, '2017-01-17', 1),
(34, 7, '2017-01-27', 2),
(34, 18, '2017-07-29', 2),
(34, 20, '2017-04-03', 1),
(34, 22, '2017-05-22', 2),
(34, 27, '2017-08-06', 2),
(34, 37, '2017-04-18', 2),
(35, 4, '2017-09-29', 1),
(35, 6, '2017-07-17', 1),
(35, 29, '2017-02-14', 3),
(35, 29, '2017-05-14', 1),
(35, 30, '2017-06-01', 1),
(35, 35, '2017-08-04', 3),
(35, 42, '2017-02-04', 2),
(35, 48, '2017-02-02', 3),
(35, 49, '2017-09-13', 2),
(36, 4, '2017-10-11', 1),
(36, 19, '2017-01-20', 2),
(36, 23, '2017-05-16', 3),
(36, 25, '2017-06-29', 2),
(36, 26, '2017-03-02', 3),
(36, 36, '2017-01-23', 2),
(36, 38, '2017-08-02', 3),
(36, 47, '2017-06-24', 3),
(36, 47, '2017-08-16', 3),
(36, 50, '2017-03-09', 3),
(37, 10, '2017-04-25', 2),
(37, 21, '2017-07-11', 3),
(37, 21, '2017-07-23', 2),
(37, 30, '2017-04-19', 2),
(37, 33, '2017-10-09', 1),
(37, 36, '2017-07-04', 1),
(37, 45, '2017-09-03', 1),
(37, 51, '2017-09-25', 2),
(38, 6, '2017-10-15', 3),
(38, 12, '2017-05-25', 3),
(38, 21, '2017-04-21', 2),
(38, 21, '2017-09-19', 3),
(38, 26, '2017-01-26', 1),
(38, 29, '2017-10-15', 2),
(38, 32, '2017-06-04', 3),
(38, 36, '2017-01-02', 1),
(39, 15, '2017-01-01', 2),
(39, 17, '2017-05-22', 2),
(39, 20, '2017-03-22', 2),
(39, 23, '2017-02-11', 2),
(39, 23, '2017-04-25', 1),
(39, 25, '2017-05-13', 2),
(39, 32, '2017-07-15', 3),
(39, 35, '2017-04-21', 3),
(39, 36, '2017-02-06', 2),
(39, 38, '2017-07-21', 3),
(39, 43, '2017-02-22', 2),
(39, 44, '2017-01-19', 2),
(39, 45, '2017-01-11', 2),
(39, 50, '2017-05-18', 3),
(39, 52, '2017-06-27', 1),
(40, 14, '2017-05-23', 1),
(40, 17, '2017-10-16', 1),
(40, 19, '2017-04-18', 1),
(40, 39, '2017-07-09', 3),
(40, 40, '2017-07-12', 2),
(40, 42, '2017-09-23', 2),
(40, 43, '2017-08-10', 1),
(40, 44, '2017-03-10', 3),
(41, 10, '2017-07-03', 2),
(41, 15, '2017-02-20', 2),
(41, 17, '2017-09-11', 1),
(41, 19, '2017-02-17', 1),
(41, 29, '2017-04-11', 2),
(41, 30, '2017-01-06', 3),
(41, 39, '2017-04-25', 2),
(41, 41, '2017-02-25', 2),
(41, 48, '2017-10-02', 1),
(42, 13, '2017-01-10', 3),
(42, 27, '2017-10-08', 3),
(42, 29, '2017-04-25', 3),
(42, 39, '2017-08-23', 3),
(42, 40, '2017-06-19', 3),
(42, 41, '2017-07-24', 1),
(42, 45, '2017-01-28', 1),
(42, 48, '2017-01-26', 3),
(42, 50, '2017-03-23', 2),
(43, 6, '2017-05-19', 2),
(43, 13, '2017-10-20', 2),
(43, 14, '2017-01-31', 1),
(43, 14, '2017-02-17', 3),
(43, 32, '2017-10-10', 1),
(43, 41, '2017-07-08', 1),
(43, 44, '2017-02-18', 1),
(44, 6, '2017-07-08', 1),
(44, 21, '2017-04-21', 2),
(44, 36, '2017-01-02', 2),
(44, 36, '2017-07-07', 2),
(44, 36, '2017-07-25', 1),
(44, 47, '2017-02-26', 2),
(45, 1, '2017-10-11', 3),
(45, 11, '2017-09-23', 3),
(45, 30, '2017-02-05', 1),
(45, 43, '2017-10-02', 3),
(45, 47, '2017-02-07', 1),
(45, 49, '2017-06-25', 2),
(46, 10, '2017-06-26', 3),
(46, 14, '2017-09-14', 2),
(46, 15, '2017-09-07', 3),
(46, 18, '2017-07-05', 3),
(46, 24, '2017-05-18', 1),
(46, 26, '2017-06-03', 1),
(46, 30, '2017-07-12', 2),
(46, 31, '2017-07-11', 2),
(46, 40, '2017-06-11', 2),
(46, 42, '2017-01-07', 2),
(46, 49, '2017-06-04', 1),
(46, 49, '2017-07-04', 1),
(46, 50, '2017-06-27', 3),
(47, 1, '2017-08-24', 3),
(47, 10, '2017-09-08', 2),
(47, 12, '2017-06-02', 1),
(47, 21, '2017-03-17', 1),
(47, 21, '2017-07-11', 3),
(47, 26, '2017-08-09', 2),
(47, 29, '2017-01-12', 1),
(47, 44, '2017-03-08', 1),
(47, 47, '2017-08-11', 1),
(47, 50, '2017-02-08', 3),
(48, 1, '2017-03-05', 1),
(48, 1, '2017-07-08', 1),
(48, 23, '2017-03-23', 2),
(48, 27, '2017-02-26', 3),
(48, 39, '2017-09-18', 3),
(48, 41, '2017-05-08', 2),
(48, 41, '2017-06-16', 3),
(48, 42, '2017-05-15', 3),
(48, 44, '2017-02-13', 3),
(49, 8, '2017-08-05', 2),
(49, 12, '2017-02-19', 2),
(49, 12, '2017-07-14', 1),
(49, 14, '2017-06-22', 1),
(49, 21, '2017-05-13', 1),
(49, 25, '2017-01-06', 2),
(49, 27, '2017-08-11', 1),
(49, 31, '2017-04-12', 3),
(49, 33, '2017-06-05', 1),
(49, 33, '2017-06-28', 2),
(49, 34, '2017-06-17', 3),
(49, 36, '2017-01-03', 2),
(49, 36, '2017-04-20', 1),
(50, 6, '2017-04-06', 1),
(50, 12, '2017-09-13', 3),
(50, 24, '2017-03-26', 2),
(50, 25, '2017-03-30', 3),
(50, 34, '2017-01-21', 1),
(50, 37, '2017-09-21', 3),
(50, 45, '2017-04-19', 3),
(51, 2, '2017-07-29', 2),
(51, 11, '2017-02-15', 2),
(51, 27, '2017-03-13', 2),
(51, 30, '2017-08-05', 1),
(51, 33, '2017-06-04', 2),
(51, 52, '2017-07-25', 2),
(52, 1, '2017-02-08', 2),
(52, 6, '2017-03-06', 1),
(52, 7, '2017-09-22', 1),
(52, 12, '2017-03-27', 1),
(52, 14, '2017-06-06', 2),
(52, 33, '2017-06-07', 2),
(52, 43, '2017-08-04', 2),
(53, 7, '2017-06-09', 3),
(53, 17, '2017-10-16', 3),
(53, 36, '2017-10-04', 2),
(53, 38, '2017-05-09', 2),
(53, 43, '2017-01-21', 3),
(53, 47, '2017-04-14', 2),
(53, 48, '2017-09-26', 2),
(53, 49, '2017-05-24', 1),
(54, 8, '2017-01-26', 1),
(54, 14, '2017-09-10', 2),
(54, 15, '2017-01-18', 3),
(54, 15, '2017-08-24', 2),
(54, 22, '2017-01-03', 2),
(54, 29, '2017-02-14', 3),
(54, 29, '2017-03-14', 3),
(54, 39, '2017-06-11', 1),
(54, 44, '2017-06-05', 1),
(55, 7, '2017-03-30', 1),
(55, 9, '2017-10-03', 1),
(55, 24, '2017-01-15', 3),
(55, 27, '2017-07-26', 2),
(55, 34, '2017-01-02', 3),
(55, 35, '2017-10-07', 2),
(55, 41, '2017-05-01', 1),
(55, 51, '2017-06-16', 1),
(56, 7, '2017-09-21', 1),
(56, 13, '2017-02-09', 2),
(56, 24, '2017-07-13', 2),
(56, 29, '2017-04-05', 2),
(56, 35, '2017-06-18', 2),
(56, 40, '2017-10-02', 2),
(56, 52, '2017-07-19', 3),
(57, 25, '2017-07-13', 3),
(57, 26, '2017-02-17', 3),
(57, 26, '2017-04-08', 3),
(57, 32, '2017-05-28', 2),
(57, 39, '2017-06-14', 3),
(57, 41, '2017-07-30', 1),
(57, 44, '2017-03-27', 3),
(58, 1, '2017-02-16', 2),
(58, 2, '2017-02-24', 1),
(58, 12, '2017-03-18', 2),
(58, 20, '2017-07-31', 2),
(58, 25, '2017-09-03', 2),
(58, 26, '2017-09-21', 1),
(58, 33, '2017-05-29', 2),
(58, 36, '2017-04-19', 3),
(58, 42, '2017-04-06', 2),
(58, 45, '2017-04-08', 2),
(59, 7, '2017-05-29', 1),
(59, 8, '2017-05-13', 3),
(59, 10, '2017-02-08', 1),
(59, 10, '2017-05-02', 3),
(59, 19, '2017-02-09', 2),
(59, 21, '2017-05-21', 1),
(59, 25, '2017-04-11', 2),
(59, 32, '2017-05-23', 1),
(59, 49, '2017-09-10', 1),
(59, 52, '2017-08-07', 3),
(60, 6, '2017-07-19', 3),
(60, 12, '2017-04-25', 1),
(60, 15, '2017-05-10', 1),
(60, 23, '2017-07-06', 1),
(60, 29, '2017-05-13', 3),
(60, 45, '2017-10-20', 2),
(61, 2, '2017-05-12', 1),
(61, 25, '2017-01-13', 2),
(61, 31, '2017-07-14', 3),
(61, 44, '2017-07-02', 1),
(61, 47, '2017-08-11', 3),
(62, 29, '2017-04-01', 3),
(62, 32, '2017-07-08', 1),
(62, 35, '2017-03-04', 1),
(62, 38, '2017-09-16', 1),
(63, 18, '2017-07-28', 1),
(63, 19, '2017-02-22', 1),
(63, 32, '2017-09-11', 1),
(63, 35, '2017-05-11', 2),
(63, 38, '2017-08-08', 1),
(63, 42, '2017-03-06', 1),
(63, 44, '2017-08-28', 3),
(63, 47, '2017-06-26', 3),
(63, 48, '2017-09-18', 3),
(63, 52, '2017-01-02', 1),
(64, 6, '2017-02-14', 2),
(64, 13, '2017-01-30', 1),
(64, 17, '2017-07-23', 1),
(64, 20, '2017-02-19', 2),
(64, 25, '2017-02-04', 3),
(64, 25, '2017-09-28', 2),
(64, 27, '2017-06-10', 2),
(64, 30, '2017-06-26', 1),
(64, 35, '2017-07-21', 2),
(64, 42, '2017-07-05', 2),
(64, 42, '2017-08-03', 3),
(64, 45, '2017-01-03', 1),
(64, 48, '2017-04-10', 2),
(64, 49, '2017-01-09', 3),
(64, 49, '2017-07-13', 1),
(64, 50, '2017-03-07', 3),
(64, 51, '2017-09-04', 3),
(66, 1, '2017-01-08', 2),
(66, 6, '2017-09-10', 1),
(66, 25, '2017-07-02', 3),
(66, 31, '2017-07-04', 2),
(66, 34, '2017-08-16', 2),
(66, 34, '2017-09-30', 1),
(66, 37, '2017-06-30', 3),
(67, 20, '2017-02-16', 2),
(67, 27, '2017-04-10', 3),
(67, 42, '2017-06-17', 3),
(67, 47, '2017-05-02', 3),
(67, 48, '2017-05-06', 1),
(68, 21, '2017-04-27', 2),
(68, 36, '2017-10-18', 3),
(68, 39, '2017-10-20', 1),
(68, 41, '2017-08-11', 3),
(68, 52, '2017-05-31', 1),
(69, 13, '2017-01-17', 2),
(69, 14, '2017-03-14', 2),
(69, 22, '2017-03-23', 1),
(69, 23, '2017-01-30', 2),
(69, 24, '2017-04-16', 3),
(69, 38, '2017-09-13', 1),
(69, 40, '2017-08-03', 1),
(69, 47, '2017-08-22', 1),
(69, 51, '2017-04-25', 1),
(70, 19, '2017-09-09', 1),
(70, 24, '2017-07-30', 1),
(70, 24, '2017-09-13', 2),
(70, 25, '2017-01-17', 1),
(70, 45, '2017-05-18', 3),
(72, 9, '2017-02-03', 2),
(72, 11, '2017-07-03', 3),
(72, 25, '2017-08-30', 2),
(72, 29, '2017-08-24', 2),
(72, 33, '2017-08-31', 2),
(72, 42, '2017-07-11', 2),
(72, 49, '2017-06-09', 2),
(73, 4, '2017-07-21', 2),
(73, 6, '2017-09-06', 3),
(73, 22, '2017-02-17', 3),
(73, 33, '2017-02-18', 2),
(73, 35, '2017-04-17', 2),
(73, 43, '2017-08-20', 3),
(73, 49, '2017-06-13', 3),
(73, 50, '2017-07-15', 3),
(73, 52, '2017-06-26', 1),
(74, 4, '2017-05-20', 2),
(74, 8, '2017-01-09', 3),
(74, 14, '2017-09-16', 2),
(74, 18, '2017-07-20', 2),
(74, 24, '2017-08-24', 1),
(74, 26, '2017-06-30', 1),
(74, 26, '2017-09-17', 2),
(74, 38, '2017-05-27', 3),
(74, 44, '2017-05-18', 2),
(74, 47, '2017-06-23', 1),
(75, 1, '2017-10-20', 3),
(75, 2, '2017-09-30', 1),
(75, 6, '2017-10-09', 1),
(75, 19, '2017-01-19', 2),
(75, 32, '2017-01-19', 3),
(75, 39, '2017-03-14', 3),
(75, 40, '2017-07-23', 1),
(75, 52, '2017-09-19', 2),
(76, 8, '2017-07-31', 1),
(76, 15, '2017-05-02', 2),
(76, 18, '2017-06-21', 1),
(76, 29, '2017-05-14', 2),
(76, 29, '2017-06-18', 1),
(76, 39, '2017-06-11', 3),
(76, 39, '2017-07-14', 1),
(76, 40, '2017-05-28', 3),
(76, 40, '2017-07-30', 2),
(76, 44, '2017-09-11', 2),
(77, 1, '2017-04-05', 1),
(77, 2, '2017-09-18', 1),
(77, 6, '2017-06-04', 2),
(77, 7, '2017-07-01', 3),
(77, 7, '2017-10-02', 1),
(77, 17, '2017-08-17', 1),
(77, 32, '2017-04-14', 2),
(77, 33, '2017-03-05', 1),
(77, 33, '2017-06-26', 1),
(77, 42, '2017-04-29', 2),
(77, 47, '2017-10-05', 2),
(78, 9, '2017-10-07', 3),
(78, 17, '2017-04-26', 2),
(78, 21, '2017-06-10', 1),
(78, 24, '2017-09-18', 3),
(78, 29, '2017-04-11', 1),
(78, 33, '2017-07-30', 2),
(78, 37, '2017-05-17', 3),
(78, 40, '2017-05-18', 3),
(78, 44, '2017-09-12', 2),
(78, 49, '2017-03-26', 3),
(78, 50, '2017-02-09', 1),
(78, 50, '2017-05-02', 3),
(78, 52, '2017-08-03', 1),
(79, 1, '2017-10-07', 3),
(79, 8, '2017-10-07', 1),
(79, 11, '2017-01-06', 2),
(79, 11, '2017-10-01', 1),
(79, 18, '2017-05-28', 3),
(79, 19, '2017-03-22', 1),
(79, 21, '2017-03-16', 3),
(79, 29, '2017-09-17', 2),
(79, 39, '2017-10-13', 1),
(79, 42, '2017-07-26', 1),
(79, 52, '2017-09-30', 1),
(80, 14, '2017-01-09', 3),
(80, 14, '2017-04-26', 3),
(80, 20, '2017-04-03', 3),
(80, 26, '2017-04-10', 1),
(80, 40, '2017-06-14', 1),
(80, 41, '2017-01-03', 2),
(80, 50, '2017-08-19', 1),
(81, 4, '2017-04-03', 2),
(81, 22, '2017-09-27', 1),
(81, 25, '2017-07-21', 3),
(81, 26, '2017-02-24', 2),
(81, 29, '2017-04-19', 2),
(82, 1, '2017-06-01', 2),
(82, 6, '2017-04-30', 1),
(82, 31, '2017-03-22', 2),
(82, 32, '2017-07-05', 1),
(82, 33, '2017-06-10', 1),
(82, 39, '2017-04-22', 3),
(83, 1, '2017-08-02', 2),
(83, 2, '2017-06-06', 1),
(83, 11, '2017-01-24', 2),
(83, 18, '2017-08-08', 2),
(83, 22, '2017-03-13', 1),
(83, 27, '2017-09-10', 3),
(83, 29, '2017-01-15', 1),
(83, 31, '2017-06-11', 3),
(83, 33, '2017-09-06', 2),
(83, 35, '2017-03-29', 2),
(83, 38, '2017-02-16', 1),
(83, 38, '2017-09-09', 1),
(83, 42, '2017-04-27', 1),
(84, 20, '2017-10-05', 3),
(84, 30, '2017-02-12', 3),
(84, 31, '2017-03-24', 3),
(84, 40, '2017-06-16', 3),
(84, 44, '2017-07-29', 1),
(84, 47, '2017-08-08', 3),
(84, 48, '2017-01-22', 1),
(84, 49, '2017-06-16', 1),
(85, 19, '2017-08-22', 1),
(85, 47, '2017-07-16', 2),
(85, 51, '2017-09-25', 1),
(86, 41, '2017-05-30', 3),
(86, 43, '2017-01-04', 3),
(86, 50, '2017-03-20', 3),
(87, 20, '2017-05-11', 3),
(87, 31, '2017-05-22', 3),
(87, 37, '2017-02-28', 1),
(87, 41, '2017-10-16', 3),
(87, 43, '2017-08-31', 2),
(88, 19, '2017-09-13', 2),
(88, 34, '2017-09-22', 1),
(88, 36, '2017-01-12', 1),
(88, 41, '2017-03-03', 2),
(88, 42, '2017-02-08', 2),
(88, 45, '2017-05-01', 3),
(88, 47, '2017-03-09', 1),
(89, 17, '2017-09-11', 1),
(89, 22, '2017-09-19', 3),
(89, 34, '2017-05-03', 3),
(89, 34, '2017-06-17', 1),
(89, 35, '2017-03-12', 3),
(89, 35, '2017-07-29', 1),
(89, 36, '2017-03-30', 2),
(89, 39, '2017-05-28', 1),
(90, 2, '2017-05-21', 3),
(90, 2, '2017-08-21', 1),
(90, 4, '2017-07-02', 2),
(90, 10, '2017-08-29', 1),
(90, 22, '2017-01-11', 1),
(90, 23, '2017-03-01', 1),
(90, 27, '2017-08-16', 2),
(90, 38, '2017-07-21', 2),
(90, 40, '2017-10-09', 3),
(91, 8, '2017-02-23', 3),
(91, 8, '2017-06-09', 1),
(91, 12, '2017-03-25', 1),
(91, 14, '2017-06-11', 2),
(91, 22, '2017-10-05', 2),
(91, 26, '2017-02-24', 3),
(91, 30, '2017-10-15', 1),
(91, 31, '2017-03-30', 1),
(91, 35, '2017-06-19', 3),
(91, 36, '2017-04-22', 2),
(91, 41, '2017-10-18', 2),
(91, 43, '2017-07-13', 3),
(91, 44, '2017-06-16', 3),
(91, 45, '2017-04-12', 2),
(91, 47, '2017-08-15', 2),
(92, 2, '2017-05-20', 1),
(92, 6, '2017-03-07', 3),
(92, 9, '2017-05-22', 2),
(92, 10, '2017-10-04', 1),
(92, 15, '2017-03-20', 2),
(92, 30, '2017-04-02', 1),
(92, 34, '2017-02-17', 3),
(92, 36, '2017-05-22', 2),
(92, 38, '2017-07-26', 1),
(92, 39, '2017-01-05', 2),
(93, 6, '2017-02-04', 2),
(93, 11, '2017-03-30', 2),
(93, 19, '2017-01-19', 3),
(93, 21, '2017-04-27', 3),
(93, 22, '2017-01-30', 2),
(93, 41, '2017-06-16', 3),
(93, 44, '2017-05-04', 3),
(93, 47, '2017-05-03', 1),
(93, 49, '2017-06-19', 2),
(94, 11, '2017-03-21', 2),
(94, 17, '2017-06-02', 3),
(94, 24, '2017-06-14', 2),
(94, 33, '2017-07-16', 1),
(94, 39, '2017-04-18', 3),
(94, 41, '2017-02-11', 3),
(94, 48, '2017-04-08', 3),
(95, 1, '2017-08-30', 2),
(95, 6, '2017-10-15', 2),
(95, 10, '2017-10-21', 2),
(95, 18, '2017-09-25', 1),
(95, 19, '2017-05-22', 2),
(95, 21, '2017-06-03', 2),
(95, 32, '2017-03-17', 3),
(95, 36, '2017-05-03', 1),
(95, 41, '2017-07-12', 2),
(95, 47, '2017-03-11', 1),
(95, 47, '2017-05-14', 2),
(96, 6, '2017-02-09', 2),
(96, 8, '2017-07-09', 1),
(96, 10, '2017-10-04', 2),
(96, 32, '2017-09-12', 2),
(96, 35, '2017-04-12', 3),
(96, 35, '2017-07-04', 1),
(96, 37, '2017-09-29', 2),
(96, 48, '2017-07-07', 1),
(98, 4, '2017-09-11', 2),
(98, 9, '2017-02-02', 1),
(98, 22, '2017-02-03', 3),
(98, 23, '2017-07-22', 3),
(98, 33, '2017-04-24', 1),
(98, 47, '2017-08-02', 1),
(99, 20, '2017-10-06', 2),
(99, 27, '2017-07-12', 3),
(99, 33, '2017-08-25', 3),
(99, 35, '2017-02-21', 1),
(99, 43, '2017-06-03', 3),
(100, 1, '2017-05-23', 1),
(100, 8, '2017-02-09', 3),
(100, 9, '2017-04-18', 1),
(100, 9, '2017-06-15', 3),
(100, 12, '2017-03-11', 3),
(100, 14, '2017-01-03', 3),
(100, 19, '2017-05-27', 3),
(100, 24, '2017-05-03', 2),
(100, 27, '2017-08-12', 3),
(100, 29, '2017-02-17', 2),
(100, 31, '2017-06-25', 3),
(100, 32, '2017-05-04', 1),
(100, 43, '2017-08-25', 3),
(100, 48, '2017-01-12', 3);

-- --------------------------------------------------------

--
-- Table structure for table `Cocktail`
--

CREATE TABLE `Cocktail` (
  `CID` int(10) UNSIGNED NOT NULL,
  `CName` varchar(40) COLLATE latin1_german1_ci NOT NULL,
  `Preis` decimal(8,2) NOT NULL,
  `Zubereitung` varchar(512) COLLATE latin1_german1_ci NOT NULL,
  `KID` tinyint(3) UNSIGNED NOT NULL,
  `zGID` tinyint(3) UNSIGNED NOT NULL,
  `sGID` tinyint(3) UNSIGNED NOT NULL
) ENGINE=InnoDB DEFAULT CHARSET=latin1 COLLATE=latin1_german1_ci;

--
-- Dumping data for table `Cocktail`
--

INSERT INTO `Cocktail` (`CID`, `CName`, `Preis`, `Zubereitung`, `KID`, `zGID`, `sGID`) VALUES
(1, 'Alice', '7.50', 'Auf Eiswürfeln kräftig schütteln, in Longdrinkglas auf Eiswürfeln abseihen. Orangenscheibe auf den Glasrand stecken.', 1, 1, 4),
(2, 'Cinderella', '7.20', 'Auf Eiswürfeln schütteln, in Longdrinkglas auf Eiswürfeln gießen, mit Bananenscheiben und Cocktailkirschen auf einem Cocktailspieß garnieren.', 1, 1, 4),
(3, 'Coconut Kiss', '7.20', 'Auf Eiswürfeln schütteln, in großes Becherglas auf crushed ice abseihen, Amarenakirsche dazugeben.', 1, 1, 6),
(4, 'Florida Cocktail', '7.20', 'Auf Eiswürfeln kräftig schütteln, in ein Weinglas abseihen.', 1, 1, 10),
(5, 'Long Distance Runner', '7.80', 'Auf crushed ice zubereiten, in großes Becherglas abseihen, mit crushed ice auffüllen.', 1, 2, 6),
(6, 'Pina Colada Natural', '7.20', 'Auf Eiswürfeln gut verrühren und in hohes Glas gießen. Mit Cocktailkirsche garnieren.', 1, 3, 4),
(7, 'Shirley Temple', '7.80', 'In Longdrinkglas eine halbe Flasche Seven up und eine Flasche Ginger Ale auf Eiswürfel gießen, Dash Grenadine, umrühren.', 1, 4, 4),
(8, 'Adonis', '6.20', 'Auf viel Eiswürfeln kräftig verrühren, in vorgekühlte Cocktailschale abseihen.', 2, 3, 11),
(9, 'Aperol Sour', '7.80', 'Auf Eiswürfeln kräftig schütteln, in Sourglas abseihen. Kann auch mit Soda aufgegossen werden.', 6, 1, 13),
(10, 'El Presidente', '6.80', 'Auf viel Eiswürfeln verrühren, in vorgekühlte Cocktailschale abseihen.', 2, 1, 11),
(11, 'Martini Cocktail', '6.50', 'Auf viel Eiswürfeln verrühren, in vorgekühltes Martiniglas abseihen, grüne Olive mit Stein dazugeben. Die Menge des Vermouth kann je nach gewünschter Trockenheit variiert werden. Für den dry Martini sollte Noilly Prat verwendet werden.', 2, 3, 12),
(12, 'Park Avenue', '6.80', 'Auf Eiswürfeln gut verrühren, in vorgekühlte Cocktailschale abseihen.', 2, 3, 11),
(13, 'Rob Roy', '6.50', 'Auf viel Eiswürfeln verrühren, in vorgekühlte Cocktailschale abseihen, Stielkirsche dazugeben.', 2, 3, 11),
(14, 'Bourbon Highball', '7.60', 'Im Longdrinkglas auf Eiswürfel Ginger Ale (oder andere Sodas) gießen, Zitronenspirale dazugeben.', 3, 4, 4),
(15, 'Bulldog Highball', '7.80', 'Im Longdrinkglas auf Eiswürfeln verrühren, mit Ginger Ale auffüllen.', 3, 4, 4),
(16, 'El Diabolo', '7.80', 'Im Longdrinkglas auf Eiswürfel Tequila und Cassis verrühren, mit Ginger Ale auffüllen, mit Limettenviertel abspritzen und dieses dazugeben.', 3, 1, 4),
(17, 'Rum Highball', '7.60', 'In Longdrinkglas Rum auf Eiswürfel gießen, mit Ginger Ale, Soda oder Seven Up auffüllen, Zitronenspirale dazugeben.', 3, 4, 4),
(18, 'Americano', '7.80', 'Im Aperitifglas auf Eiswürfel gießen, verrühren, mit Zitronen- und Orangenschale abspritzen und diese dazugeben. Kann mit etwas Soda aufgespritzt werden.', 4, 5, 5),
(19, 'Black Russian', '7.20', 'Im Tumbler auf Eiswürfeln verrühren. Statt Kahlúa kann auch Tia Maria verwendet werden.', 4, 8, 8),
(20, 'Caipirinha', '7.20', 'In kleines Becherglas Limettenachtel und Zucker geben, mit Stößel gut zerdrücken, Spirituose dazugeben, umrühren. Mit crushed ice auffüllen und nochmals verrühren.', 4, 7, 7),
(21, 'Margarita', '7.20', 'Auf viel Eiswürfeln kräftig schütteln, in vorgekühlte Cocktailschale mit Salzrand abseihen.', 4, 1, 11),
(22, 'Mojito', '7.80', 'Im großen Becherglas Zucker und Lime Juice gut verrühren. Minzeblätter mit Stößel zerdrücken, ausgedrückte Limette dazugeben. Mit crushed ice auffüllen, Rum dazugießen, umrühren. Mit Soda abspritzen, mit Minzezweig dekorieren.', 4, 6, 6),
(23, 'Pina Colada Classic', '7.80', 'Auf crushed ice zubereiten, in großes Becherglas füllen.', 4, 2, 6),
(24, 'Screwdriver', '6.80', 'Im Longdrinkglas auf Eiswürfel gut verrühren.', 4, 4, 4),
(25, 'Swimming Pool', '8.20', 'Auf crushed ice kräftig schütteln, in großes Becherglas auf crushed ice abseihen, Curacao darübergleiten lassen, mit Stielkirsche und Ananasstück dekorieren. Kann auch im Blender zubereitet werden.', 4, 1, 6),
(26, 'Tequila Sunrise', '7.80', 'Großes Becherglas zur Hälfte mit crushed ice füllen, Limettenachtel hineinpressen und dazugeben, Tequila, Dashes Grenadine, dann langsam mit Orangensaft auffüllen.', 4, 6, 6),
(27, 'Whiskey Sour', '7.60', 'Auf Eiswürfeln kräftig schütteln, in Sourglas abseihen, Stielkirsche dazugeben. Whiskey-Variationen möglich.', 6, 1, 13),
(28, 'White Russian', '7.60', 'Spirituosen auf Eiswürfeln verrühren, in Südweinglas abseihen, leicht angeschlagenen Obers darüberheben.', 4, 3, 10),
(29, 'Zombie', '8.20', 'Für den Orangensaft sollten Blutorangen verwendet werden. Auf Eiswürfeln kräftig schütteln, in großes Becherglas auf crushed ice abseihen.', 4, 1, 6),
(30, 'Sex on the Beach', '8.20', 'Alle Zutaten zusammenmischen und shaken. In ein großes Becherglas füllen und servieren.', 4, 1, 6),
(31, 'B 52', '4.50', 'In angegebener Reihenfolge vorsichtig in Shooterglas eingießen, sodaß Schichten entstehen.', 5, 9, 9),
(32, 'Blue Shark', '4.50', 'Shake with ice and strain into a shot glass.', 5, 1, 9),
(33, 'Golden Nipple', '4.20', 'Layer the ingredients in a shooter glass.', 5, 9, 9),
(34, 'KGB', '4.50', 'Layer the ingredients in a shooter glass.', 5, 9, 9),
(35, 'Tequila Popper', '4.20', 'Pour tequila into tall shot glass. Fill 3/4 full with 7-Up. Place napkin over top and bang on table. Drink inmediately.', 5, 9, 9),
(36, 'Rum Sour', '7.20', 'Auf Eiswürfeln kräftig schütteln, in Sourglas abseihen, Stielkirsche dazugeben.', 6, 1, 13),
(37, 'Louisiana Sour', '7.60', 'Auf Eiswürfeln schütteln, in Champagnertulpe abseihen, mit Limettenscheibe und Cocktailkirsche dekorieren.', 6, 1, 14),
(38, 'Amaretto Sour', '7.20', 'Auf viel Eiswürfeln kräftig schütteln, in Sourglas abseihen, Stielkirsche dazugeben. Statt Orange Juice kann auch Soda verwendet werden.', 6, 1, 13),
(39, 'Gin Sour', '7.20', 'Auf Eiswürfeln kräftig schütteln, in Sourglas abseihen, Stielkirsche dazugeben.', 6, 1, 13),
(40, 'Tequila Sour', '7.20', 'Auf Eiswürfeln kräftig schütteln, in Sourglas abseihen, Kirsche dazugeben.', 6, 1, 13),
(41, 'Vodka Sour', '7.20', 'Auf Eiswürfeln kräftig schütteln, in Sourglas abseihen, Stielkirsche dazugeben.', 6, 1, 13),
(42, 'Vermouth Cassis', '6.50', 'Im Aperitifglas auf Eiswürfel Crème de Cassis und Vermouth gießen, verrühren, mit Soda auffüllen und mit Zitronenschale abspritzen.', 2, 5, 5),
(43, 'Vermouth Cocktail', '6.20', 'Auf Eiswürfeln gut verrühren, in vorgekühlte Cocktailschale abseihen.', 2, 3, 11),
(44, 'Brazil', '7.20', 'Auf Eiswürfeln kräftig verrühren, in vorgekühlte Cocktailschale abseihen.', 4, 3, 11),
(45, 'Black Devil', '6.80', 'Im Rührglas auf viel Eiswürfeln verrühren, in vorgekühltes Martiniglas abseihen, schwarze Olive dazugeben.', 4, 3, 12),
(46, 'Bloody Mary', '7.00', 'Mit Selleriesalz, Pfeffer, Worcestershire Sauce und Tabasco würzen, im Longdrinkglas auf Eiswürfeln gut verrühren. Mit Stangensellerie garnieren.', 4, 4, 4),
(47, 'Opal', '6.20', 'Auf Eiswürfeln gut verrühren, in vorgekühlte Cocktailschale abseihen.', 2, 3, 11),
(48, 'Manhattan Perfect', '7.40', 'Auf viel Eiswürfeln kräftig verrühren, in vorgekühlte Cocktailschale abseihen, Stielkirsche dazugeben.', 4, 3, 11),
(49, 'Mary Pickford', '6.80', 'Auf Eiswürfeln schütteln, in vorgekühlte Cocktailschale abseihen, mit Limettenschale abspritzen und diese dazugeben.', 4, 1, 11),
(50, 'New Yorker', '7.00', 'Im Tumbler Bourbon auf Eiswürfel gießen, Limettenviertel darüber ausdrücken und dazugeben, Dashes Grenadine, gut verrühren.', 4, 8, 8),
(51, 'Pussy Foot', '7.00', 'Auf Eiswürfeln kräftig schütteln, in kleines Becherglas auf Eiswürfel abseihen, Stielkirsche dazugeben.', 4, 1, 7),
(52, 'TNT', '7.60', 'Im Tumbler auf Eiswürfeln verrühren. Kann mit etwas Wasser oder Soda abgespritzt werden.', 4, 8, 8);

-- --------------------------------------------------------

--
-- Table structure for table `Gefaess`
--

CREATE TABLE `Gefaess` (
  `GID` tinyint(3) UNSIGNED NOT NULL,
  `GName` varchar(20) COLLATE latin1_german1_ci NOT NULL
) ENGINE=InnoDB DEFAULT CHARSET=latin1 COLLATE=latin1_german1_ci;

--
-- Dumping data for table `Gefaess`
--

INSERT INTO `Gefaess` (`GID`, `GName`) VALUES
(1, 'Shaker'),
(2, 'Blender'),
(3, 'Mixing Glas'),
(4, 'Longdrinkglas'),
(5, 'Aperitifglas'),
(6, 'Becherglas (groß)'),
(7, 'Becherglas (klein)'),
(8, 'Tumbler'),
(9, 'Shooter Glas'),
(10, 'Weinglas'),
(11, 'Cocktailschale'),
(12, 'Martiniglas'),
(13, 'Sourglas'),
(14, 'Champagnertulpe');

-- --------------------------------------------------------

--
-- Table structure for table `Kategorie`
--

CREATE TABLE `Kategorie` (
  `KID` tinyint(3) UNSIGNED NOT NULL,
  `KBez` varchar(25) COLLATE latin1_german1_ci NOT NULL
) ENGINE=InnoDB DEFAULT CHARSET=latin1 COLLATE=latin1_german1_ci;

--
-- Dumping data for table `Kategorie`
--

INSERT INTO `Kategorie` (`KID`, `KBez`) VALUES
(1, 'Antialkoholisch'),
(2, 'Aperitif'),
(3, 'Highball'),
(4, 'Klassisch'),
(5, 'Schooter'),
(6, 'Sour');

-- --------------------------------------------------------

--
-- Table structure for table `Kunde`
--

CREATE TABLE `Kunde` (
  `KundID` int(10) UNSIGNED NOT NULL,
  `Vorname` varchar(40) COLLATE latin1_german1_ci NOT NULL,
  `Name` varchar(40) COLLATE latin1_german1_ci NOT NULL,
  `eMail` varchar(40) COLLATE latin1_german1_ci DEFAULT NULL,
  `Geschlecht` char(1) COLLATE latin1_german1_ci NOT NULL,
  `GebDat` date DEFAULT NULL
) ENGINE=InnoDB DEFAULT CHARSET=latin1 COLLATE=latin1_german1_ci;

--
-- Dumping data for table `Kunde`
--

INSERT INTO `Kunde` (`KundID`, `Vorname`, `Name`, `eMail`, `Geschlecht`, `GebDat`) VALUES
(1, 'Gretchen', 'Grantl', 'ggrantl@microsoft.com', 'w', '1999-11-09'),
(2, 'Inger', 'Coppo', 'icoppo1@telegraph.co.uk', 'm', '1974-10-26'),
(3, 'Meggie', 'Haryngton', 'mharyngton2@thetimes.co.uk', 'w', '1971-12-07'),
(4, 'Rozamond', 'Arrol', 'rarrol3@usa.gov', 'w', '1969-10-10'),
(5, 'Emmye', 'Youel', 'eyouel4@macromedia.com', 'w', '1978-12-10'),
(6, 'Berni', 'Ingray', 'bingray5@cnn.com', 'w', '1971-03-11'),
(7, 'Ozzie', 'Crosswaite', 'ocrosswaite6@ifeng.com', 'm', '1974-11-21'),
(8, 'Rachele', 'Rees', 'rrees7@mediafire.com', 'w', '1983-11-12'),
(9, 'Sergent', 'Woodwind', 'swoodwind8@house.gov', 'm', '1986-09-06'),
(10, 'Rutledge', 'Batchelor', 'rbatchelor9@mediafire.com', 'm', '1987-04-26'),
(11, 'Osbourne', 'Fredi', 'ofredia@skype.com', 'm', '1976-11-22'),
(12, 'Cybil', 'Tripp', 'ctrippb@github.com', 'w', '1958-02-27'),
(13, 'Loralyn', 'Spedroni', 'lspedronic@chicagotribune.com', 'w', '1964-12-07'),
(14, 'Kippar', 'Stefi', 'kstefid@photobucket.com', 'm', '1971-11-27'),
(15, 'Laird', 'Garrish', 'lgarrishe@fc2.com', 'm', '1996-12-24'),
(16, 'Billy', 'Mockler', 'bmocklerf@netlog.com', 'w', '1990-12-17'),
(17, 'Karney', 'Kasher', 'kkasherg@altervista.org', 'm', '1971-03-09'),
(18, 'Onfre', 'Rolse', 'orolseh@cargocollective.com', 'm', '1983-07-15'),
(19, 'Fitz', 'McKeggie', 'fmckeggiei@csmonitor.com', 'm', '1981-12-10'),
(20, 'Hobart', 'Annesley', 'hannesleyj@canalblog.com', 'm', '1981-08-17'),
(21, 'Der', 'Feavers', 'dfeaversk@chicagotribune.com', 'm', '1972-12-28'),
(22, 'Zacherie', 'Janczyk', 'zjanczykl@aboutads.info', 'm', '1989-08-14'),
(23, 'Farr', 'Burston', 'fburstonm@privacy.gov.au', 'm', '1950-06-25'),
(24, 'Red', 'Etchell', 'retchelln@sina.com.cn', 'm', '1966-09-10'),
(25, 'Alanson', 'Rasmus', 'arasmuso@baidu.com', 'm', '1973-09-27'),
(26, 'Waylon', 'Dumbreck', 'wdumbreckp@tmall.com', 'm', '1965-12-05'),
(27, 'Tierney', 'Monkley', 'tmonkleyq@de.vu', 'w', '1952-08-15'),
(28, 'Rolf', 'Gettings', 'rgettingsr@icq.com', 'm', '1983-10-29'),
(29, 'Janeva', 'O\'Fihily', 'jofihilys@amazonaws.com', 'w', '1994-11-14'),
(30, 'Carmina', 'Mellem', 'cmellemt@google.com', 'w', '1996-08-20'),
(31, 'Daveen', 'Stubbin', 'dstubbinu@forbes.com', 'w', '1961-08-28'),
(32, 'Stephen', 'Dreamer', 'sdreamerv@nps.gov', 'm', '1992-08-07'),
(33, 'Shaylyn', 'Cadany', 'scadanyw@who.int', 'w', '1969-08-23'),
(34, 'Antons', 'Redemile', 'aredemilex@hostgator.com', 'm', '1978-08-28'),
(35, 'Sheri', 'Joinson', 'sjoinsony@ibm.com', 'w', '1986-05-23'),
(36, 'Malena', 'Stefanovic', 'mstefanovicz@jimdo.com', 'w', '1991-08-10'),
(37, 'Lark', 'Molesworth', 'lmolesworth10@icio.us', 'w', '1988-11-12'),
(38, 'Gustav', 'Pollins', 'gpollins11@wp.com', 'm', '1978-03-01'),
(39, 'Clarette', 'Curm', 'ccurm12@symantec.com', 'w', '1984-07-09'),
(40, 'Kennedy', 'Colleer', 'kcolleer13@usnews.com', 'm', '1984-03-22'),
(41, 'Klarika', 'Dark', 'kdark14@gov.uk', 'w', '1957-08-07'),
(42, 'Thurstan', 'Giddens', 'tgiddens15@tripadvisor.com', 'm', '1980-06-27'),
(43, 'Tracey', 'Spalls', 'tspalls16@un.org', 'm', '1990-09-08'),
(44, 'Romola', 'McCanny', 'rmccanny17@amazon.de', 'w', '1989-06-04'),
(45, 'Ami', 'Puffett', 'apuffett18@weather.com', 'w', '1982-07-03'),
(46, 'Mitch', 'Hein', 'mhein19@si.edu', 'm', '1986-05-27'),
(47, 'Minor', 'Woof', 'mwoof1a@homestead.com', 'm', '1956-08-21'),
(48, 'Alvinia', 'Kausche', 'akausche1b@wordpress.org', 'w', '1952-12-11'),
(49, 'Hattie', 'Gerretsen', 'hgerretsen1c@patch.com', 'w', '1971-05-16'),
(50, 'Barbi', 'Spivie', 'bspivie1d@geocities.jp', 'w', '1966-11-28'),
(51, 'Harri', 'McMeanma', 'hmcmeanma1e@a8.net', 'w', '1984-09-28'),
(52, 'Win', 'Kitney', 'wkitney1f@bizjournals.com', 'm', '1984-10-30'),
(53, 'Hilary', 'Rajchert', 'hrajchert1g@disqus.com', 'w', '1972-12-03'),
(54, 'Rena', 'Gauson', 'rgauson1h@google.pl', 'w', '1990-08-21'),
(55, 'Edythe', 'Bubb', 'ebubb1i@miibeian.gov.cn', 'w', '1951-08-01'),
(56, 'Zachary', 'Shard', 'zshard1j@php.net', 'm', '1967-05-12'),
(57, 'Birgitta', 'Schultze', 'bschultze1k@reverbnation.com', 'w', '1973-06-26'),
(58, 'Sky', 'Paulitschke', 'spaulitschke1l@gravatar.com', 'm', '1967-06-15'),
(59, 'Corney', 'Labitt', 'clabitt1m@cafepress.com', 'm', '1985-11-04'),
(60, 'Christel', 'Bradd', 'cbradd1n@phpbb.com', 'w', '1990-08-20'),
(61, 'Noah', 'Franzman', 'nfranzman1o@xrea.com', 'm', '1978-03-19'),
(62, 'Valeria', 'Simkiss', 'vsimkiss1p@de.vu', 'w', '1991-11-06'),
(63, 'Trace', 'Ballham', 'tballham1q@facebook.com', 'm', '1970-04-17'),
(64, 'Shela', 'Gamwell', 'sgamwell1r@wisc.edu', 'w', '1971-05-07'),
(65, 'Malachi', 'Jickles', 'mjickles1s@yahoo.com', 'm', '1988-01-29'),
(66, 'Stephanie', 'Tzuker', 'stzuker1t@weather.com', 'w', '1992-03-01'),
(67, 'Katerina', 'Mullinger', 'kmullinger1u@uiuc.edu', 'w', '1977-02-14'),
(68, 'Catlaina', 'Titta', 'ctitta1v@cdbaby.com', 'w', '1973-04-12'),
(69, 'Debby', 'Doog', 'ddoog1w@un.org', 'w', '1980-04-07'),
(70, 'Valentine', 'Bagott', 'vbagott1x@google.com.br', 'w', '1969-08-04'),
(71, 'Perrine', 'Crimes', 'pcrimes1y@java.com', 'w', '1961-09-05'),
(72, 'Ranique', 'Raeside', 'rraeside1z@imgur.com', 'w', '1984-05-21'),
(73, 'Jeannine', 'Kleen', 'jkleen20@yale.edu', 'w', '1950-10-20'),
(74, 'Tulley', 'Teeney', 'tteeney21@boston.com', 'm', '1988-05-05'),
(75, 'Hiram', 'Clissell', 'hclissell22@wikimedia.org', 'm', '1995-02-03'),
(76, 'Adina', 'Ackhurst', 'aackhurst23@geocities.jp', 'w', '1989-03-18'),
(77, 'Janey', 'Dawley', 'jdawley24@discovery.com', 'w', '1959-01-24'),
(78, 'Griffin', 'Sign', 'gsign25@auda.org.au', 'm', '1971-08-18'),
(79, 'Ileana', 'Lemmertz', 'ilemmertz26@printfriendly.com', 'w', '1971-02-28'),
(80, 'Teodoro', 'Dickons', 'tdickons27@squarespace.com', 'm', '1992-07-10'),
(81, 'Lazar', 'Chatain', 'lchatain28@samsung.com', 'm', '1962-03-10'),
(82, 'Neysa', 'Pettisall', 'npettisall29@cdc.gov', 'w', '1973-08-05'),
(83, 'Toiboid', 'Morales', 'tmorales2a@wikispaces.com', 'm', '1958-01-04'),
(84, 'Doy', 'Pahler', 'dpahler2b@blinklist.com', 'm', '1992-10-03'),
(85, 'Faunie', 'Filer', 'ffiler2c@i2i.jp', 'w', '1961-09-10'),
(86, 'Serene', 'Ramshaw', 'sramshaw2d@mashable.com', 'w', '1969-11-04'),
(87, 'Malachi', 'Batisse', 'mbatisse2e@diigo.com', 'm', '1964-02-04'),
(88, 'Magnum', 'Harden', 'mharden2f@marketwatch.com', 'm', '1951-11-01'),
(89, 'Cloris', 'McMickan', 'cmcmickan2g@ibm.com', 'w', '1950-07-31'),
(90, 'Kilian', 'Stollen', 'kstollen2h@webs.com', 'm', '1968-08-22'),
(91, 'Vonni', 'McIlvaney', 'vmcilvaney2i@sun.com', 'w', '1974-08-27'),
(92, 'D\'arcy', 'Garred', 'dgarred2j@yahoo.com', 'm', '1978-05-23'),
(93, 'Janine', 'Feacham', 'jfeacham2k@hhs.gov', 'w', '1954-04-27'),
(94, 'Joceline', 'Devaney', 'jdevaney2l@e-recht24.de', 'w', '1972-07-12'),
(95, 'Flemming', 'Tregoning', 'ftregoning2m@networkadvertising.org', 'm', '1954-11-02'),
(96, 'Sidonnie', 'Tregunnah', 'stregunnah2n@networksolutions.com', 'w', '1966-11-30'),
(97, 'Myrle', 'Sandon', 'msandon2o@nba.com', 'w', '1986-11-26'),
(98, 'Rosalind', 'Bastone', 'rbastone2p@npr.org', 'w', '1980-03-30'),
(99, 'Henderson', 'Cuttell', 'hcuttell2q@photobucket.com', 'm', '1995-08-07'),
(100, 'Dean', 'De Blasi', 'ddeblasi2r@mashable.com', 'm', '1964-07-13');

-- --------------------------------------------------------

--
-- Table structure for table `Lieferant`
--

CREATE TABLE `Lieferant` (
  `LID` smallint(5) UNSIGNED NOT NULL,
  `LName` varchar(40) COLLATE latin1_german1_ci NOT NULL,
  `LAdresse` varchar(80) COLLATE latin1_german1_ci NOT NULL
) ENGINE=InnoDB DEFAULT CHARSET=latin1 COLLATE=latin1_german1_ci;

--
-- Dumping data for table `Lieferant`
--

INSERT INTO `Lieferant` (`LID`, `LName`, `LAdresse`) VALUES
(1, 'Del Fabro GmbH', 'A-1200 Wien; Nordwestbahnstraße 10'),
(2, 'Metropol Getränkegroßhandel', 'A-1050 Wien; Arbeitergasse 43'),
(3, 'Ammersin GmbH', 'A-2345 Brunn am Gebirge; Wiener Straße 131-133'),
(4, 'GEKO Großhandels GmbH', 'A-1230 Wien; Laxenburgerstraße 365 / Halle A4'),
(5, 'Getränkehaus Krause GmbH', 'A-2201 Gerasdorf/Wien; Wagramer Straße 259'),
(6, 'Killy\'s Getränkehandel GmbH', 'A-1150 Wien; Fenzlgasse 9'),
(7, 'METRO Cash & Carry Österreich GmbH', 'A-2331 Wien/Vösendorf; Metro-Platz 1'),
(8, 'Frisch + Rasch Obst und Gemüse GmbH', 'A-1230 Wien; Laxenburger Straße 365/Stand C5/55-56 '),
(9, 'Wiegert Obst und Gemüsegroßhandel GmbH', 'A-1220 Wien; Plattensteinergasse 29');

-- --------------------------------------------------------

--
-- Table structure for table `liefert`
--

CREATE TABLE `liefert` (
  `ZID` smallint(5) UNSIGNED NOT NULL,
  `LID` smallint(5) UNSIGNED NOT NULL,
  `Menge` smallint(5) UNSIGNED NOT NULL,
  `Einheit` varchar(30) COLLATE latin1_german1_ci NOT NULL,
  `Preis` decimal(8,2) NOT NULL
) ENGINE=InnoDB DEFAULT CHARSET=latin1 COLLATE=latin1_german1_ci;

--
-- Dumping data for table `liefert`
--

INSERT INTO `liefert` (`ZID`, `LID`, `Menge`, `Einheit`, `Preis`) VALUES
(1, 4, 50, 'cl', '1.98'),
(1, 7, 75, 'cl', '3.05'),
(2, 1, 75, 'cl', '6.01'),
(2, 2, 70, 'cl', '5.49'),
(2, 5, 75, 'cl', '5.50'),
(2, 7, 70, 'cl', '5.39'),
(3, 1, 200, 'cl', '2.59'),
(3, 2, 600, 'cl', '9.13'),
(3, 3, 100, 'cl', '2.99'),
(3, 6, 100, 'cl', '0.95'),
(3, 7, 1200, 'cl', '17.88'),
(4, 2, 100, 'cl', '1.39'),
(4, 3, 100, 'cl', '1.99'),
(4, 4, 100, 'cl', '1.79'),
(4, 5, 150, 'cl', '2.19'),
(4, 6, 200, 'cl', '2.98'),
(5, 1, 33, 'cl', '4.15'),
(5, 3, 330, 'cl', '24.90'),
(5, 5, 75, 'cl', '7.65'),
(5, 7, 33, 'cl', '3.63'),
(6, 1, 100, 'cl', '1.69'),
(6, 2, 600, 'cl', '16.24'),
(6, 4, 600, 'cl', '10.74'),
(6, 6, 600, 'cl', '11.34'),
(6, 7, 600, 'cl', '13.99'),
(7, 1, 100, 'cl', '0.43'),
(7, 2, 200, 'cl', '0.99'),
(7, 3, 75, 'cl', '1.39'),
(7, 4, 100, 'cl', '1.72'),
(7, 5, 20, 'cl', '1.25'),
(7, 6, 75, 'cl', '1.49'),
(7, 7, 200, 'cl', '1.79'),
(8, 1, 200, 'cl', '0.49'),
(8, 2, 400, 'cl', '0.99'),
(8, 3, 1200, 'cl', '7.32'),
(8, 4, 200, 'cl', '0.52'),
(8, 5, 150, 'cl', '0.33'),
(8, 6, 1890, 'cl', '13.90'),
(8, 7, 2000, 'cl', '14.60'),
(9, 8, 4, 'piece', '1.99'),
(9, 9, 6, 'piece', '2.22'),
(10, 2, 150, 'cl', '30.79'),
(10, 4, 70, 'cl', '5.59'),
(10, 5, 50, 'cl', '4.99'),
(10, 6, 70, 'cl', '5.49'),
(10, 7, 300, 'cl', '27.60'),
(11, 8, 1, 'piece', '1.23'),
(11, 9, 1, 'piece', '0.99'),
(12, 1, 125, 'cl', '1.89'),
(12, 3, 100, 'cl', '1.29'),
(12, 4, 125, 'cl', '1.79'),
(12, 6, 600, 'cl', '6.89'),
(12, 7, 600, 'cl', '8.49'),
(13, 1, 792, 'cl', '16.97'),
(13, 2, 150, 'cl', '1.19'),
(13, 3, 200, 'cl', '1.29'),
(13, 5, 150, 'cl', '1.29'),
(13, 6, 200, 'cl', '1.31'),
(14, 2, 20, 'cl', '10.98'),
(14, 3, 10, 'cl', '8.00'),
(14, 6, 20, 'cl', '15.80'),
(15, 1, 75, 'cl', '11.26'),
(15, 2, 75, 'cl', '11.18'),
(15, 4, 75, 'cl', '9.95'),
(15, 5, 75, 'cl', '14.60'),
(15, 7, 75, 'cl', '9.32'),
(16, 1, 100, 'cl', '1.99'),
(16, 2, 75, 'cl', '5.49'),
(16, 3, 75, 'cl', '4.98'),
(16, 4, 75, 'cl', '8.99'),
(16, 5, 100, 'cl', '6.99'),
(16, 6, 100, 'cl', '6.49'),
(16, 7, 100, 'cl', '7.69'),
(17, 2, 75, 'cl', '4.95'),
(17, 3, 75, 'cl', '5.49'),
(17, 4, 75, 'cl', '4.99'),
(17, 5, 75, 'cl', '5.99'),
(17, 7, 100, 'cl', '5.99'),
(18, 1, 100, 'cl', '14.39'),
(18, 3, 70, 'cl', '11.99'),
(18, 4, 100, 'cl', '11.99'),
(18, 5, 100, 'cl', '10.49'),
(18, 6, 300, 'cl', '59.42'),
(18, 7, 100, 'cl', '8.99'),
(19, 2, 25, 'cl', '3.49'),
(19, 3, 70, 'cl', '7.06'),
(19, 5, 70, 'cl', '8.96'),
(19, 6, 70, 'cl', '5.50'),
(19, 7, 50, 'cl', '2.19'),
(20, 1, 70, 'cl', '15.86'),
(20, 2, 70, 'cl', '11.99'),
(20, 4, 70, 'cl', '10.21'),
(20, 6, 70, 'cl', '9.72'),
(21, 2, 100, 'cl', '16.90'),
(21, 3, 70, 'cl', '9.82'),
(21, 4, 100, 'cl', '17.90'),
(21, 5, 70, 'cl', '12.59'),
(21, 7, 100, 'cl', '12.90'),
(22, 1, 100, 'cl', '12.32'),
(22, 5, 75, 'cl', '6.99'),
(22, 6, 100, 'cl', '5.99'),
(23, 1, 70, 'cl', '11.99'),
(23, 3, 70, 'cl', '29.90'),
(23, 5, 70, 'cl', '5.99'),
(23, 7, 100, 'cl', '12.58'),
(24, 4, 70, 'cl', '20.90'),
(25, 1, 70, 'cl', '12.90'),
(25, 2, 70, 'cl', '11.90'),
(25, 3, 100, 'cl', '17.90'),
(25, 4, 70, 'cl', '13.90'),
(25, 5, 70, 'cl', '11.99'),
(25, 6, 100, 'cl', '18.90'),
(25, 7, 100, 'cl', '17.90'),
(26, 3, 70, 'cl', '8.80'),
(26, 4, 70, 'cl', '16.90'),
(27, 1, 70, 'cl', '15.99'),
(27, 2, 70, 'cl', '16.49'),
(27, 3, 70, 'cl', '15.99'),
(27, 4, 100, 'cl', '16.00'),
(27, 5, 100, 'cl', '17.15'),
(27, 7, 100, 'cl', '14.38'),
(28, 2, 70, 'cl', '11.49'),
(28, 4, 100, 'cl', '16.47'),
(28, 6, 70, 'cl', '16.86'),
(28, 7, 100, 'cl', '12.99'),
(29, 1, 70, 'cl', '16.49'),
(29, 5, 70, 'cl', '12.90'),
(29, 6, 70, 'cl', '13.01'),
(30, 1, 70, 'cl', '12.96'),
(30, 2, 20, 'cl', '12.89'),
(30, 3, 70, 'cl', '12.99'),
(30, 4, 70, 'cl', '11.99'),
(30, 5, 100, 'cl', '14.90'),
(30, 6, 600, 'cl', '298.90'),
(30, 7, 150, 'cl', '64.91'),
(31, 4, 100, 'cl', '14.90'),
(31, 6, 70, 'cl', '14.99'),
(32, 7, 1000, 'g', '1.89'),
(33, 1, 70, 'cl', '17.99'),
(33, 2, 70, 'cl', '19.99'),
(33, 4, 70, 'cl', '18.80'),
(33, 7, 70, 'cl', '15.40'),
(34, 7, 500, 'g', '0.79'),
(35, 4, 40, 'piece', '0.75'),
(35, 7, 60, 'piece', '0.99'),
(36, 1, 25, 'cl', '3.49'),
(36, 3, 100, 'cl', '12.96'),
(36, 4, 70, 'cl', '8.90'),
(36, 5, 70, 'cl', '10.49'),
(36, 6, 70, 'cl', '8.90'),
(36, 7, 70, 'cl', '8.80'),
(37, 2, 100, 'cl', '18.99'),
(37, 3, 70, 'cl', '14.99'),
(37, 4, 100, 'cl', '15.69'),
(37, 5, 100, 'cl', '19.80'),
(37, 7, 500, 'cl', '94.80'),
(38, 1, 100, 'cl', '24.50'),
(38, 2, 50, 'cl', '19.79'),
(38, 3, 100, 'cl', '31.90'),
(38, 4, 50, 'cl', '14.90'),
(38, 5, 50, 'cl', '13.99'),
(38, 6, 50, 'cl', '15.99'),
(38, 7, 100, 'cl', '23.95'),
(39, 2, 70, 'cl', '17.62'),
(39, 4, 100, 'cl', '21.99'),
(39, 6, 70, 'cl', '19.99'),
(40, 2, 70, 'cl', '17.85'),
(40, 3, 70, 'cl', '10.20'),
(40, 5, 50, 'cl', '5.99'),
(40, 7, 100, 'cl', '15.99'),
(41, 1, 100, 'cl', '2.99'),
(41, 3, 600, 'cl', '57.00'),
(41, 4, 100, 'cl', '11.64'),
(41, 5, 75, 'cl', '11.45'),
(41, 6, 600, 'cl', '14.99'),
(41, 7, 600, 'cl', '18.30'),
(42, 1, 100, 'cl', '15.75'),
(42, 2, 70, 'cl', '15.99'),
(42, 3, 70, 'cl', '14.32'),
(42, 4, 70, 'cl', '14.99'),
(42, 5, 70, 'cl', '12.90'),
(42, 6, 100, 'cl', '22.26'),
(42, 7, 70, 'cl', '10.99'),
(43, 2, 70, 'cl', '14.39'),
(43, 4, 70, 'cl', '14.90'),
(43, 5, 70, 'cl', '15.65'),
(44, 2, 70, 'cl', '16.99'),
(44, 6, 100, 'cl', '25.27'),
(45, 1, 70, 'cl', '13.49'),
(45, 2, 100, 'cl', '6.13'),
(45, 3, 70, 'cl', '8.90'),
(45, 4, 70, 'cl', '15.90'),
(45, 5, 100, 'cl', '7.13'),
(45, 6, 100, 'cl', '6.34'),
(45, 7, 100, 'cl', '8.56');

-- --------------------------------------------------------

--
-- Table structure for table `Zutat`
--

CREATE TABLE `Zutat` (
  `ZID` smallint(5) UNSIGNED NOT NULL,
  `ZBez` varchar(40) COLLATE latin1_german1_ci NOT NULL
) ENGINE=InnoDB DEFAULT CHARSET=latin1 COLLATE=latin1_german1_ci;

--
-- Dumping data for table `Zutat`
--

INSERT INTO `Zutat` (`ZID`, `ZBez`) VALUES
(1, 'Obers'),
(2, 'Grenadine'),
(3, 'Orangensaft'),
(4, 'Ananassaft'),
(5, 'Cream of Coconut (Kokossirup)'),
(6, 'Kirschsaft'),
(7, 'Zitronensaft'),
(8, 'Soda'),
(9, 'Limette'),
(10, 'Maracujasirup'),
(11, 'Ananas'),
(12, 'Ginger Ale'),
(13, '7-Up'),
(14, 'Orange-Bitter'),
(15, 'Sherry dry'),
(16, 'Vermouth bianco'),
(17, 'Vermouth rosso'),
(18, 'Aperol'),
(19, 'Zuckersirup'),
(20, 'Curacao triple sec'),
(21, 'Rum'),
(22, 'Vermouth dry'),
(23, 'Gin'),
(24, 'Angostura'),
(25, 'Whiskey'),
(26, 'Creme de Cassis'),
(27, 'Tequila'),
(28, 'Campari'),
(29, 'Kahlua'),
(30, 'Wodka'),
(31, 'Cachaca'),
(32, 'Zucker (braun)'),
(33, 'Cointreau'),
(34, 'Zucker (Staubzucker)'),
(35, 'Minzblatt'),
(36, 'Curacao blue'),
(37, 'Kirschschnaps'),
(38, 'Rum (>70%)'),
(39, 'Rum (dunkel)'),
(40, 'Pfirsichlikör'),
(41, 'Cranberrysaft'),
(42, 'Baileys'),
(43, 'Tia Maria'),
(44, 'Galliano'),
(45, 'Amaretto'),
(46, 'Pernod'),
(47, 'Tomatensaft'),
(48, 'Maraschino'),
(49, 'Grapefruitsaft');

--
-- Indexes for dumped tables
--

--
-- Indexes for table `besteht`
--
ALTER TABLE `besteht`
  ADD PRIMARY KEY (`CID`,`ZID`),
  ADD KEY `ZID` (`ZID`);

--
-- Indexes for table `bestellt`
--
ALTER TABLE `bestellt`
  ADD PRIMARY KEY (`KundID`,`CID`,`Datum`),
  ADD KEY `CID` (`CID`);

--
-- Indexes for table `Cocktail`
--
ALTER TABLE `Cocktail`
  ADD PRIMARY KEY (`CID`),
  ADD KEY `KID` (`KID`),
  ADD KEY `GID` (`zGID`),
  ADD KEY `sGID` (`sGID`);

--
-- Indexes for table `Gefaess`
--
ALTER TABLE `Gefaess`
  ADD PRIMARY KEY (`GID`);

--
-- Indexes for table `Kategorie`
--
ALTER TABLE `Kategorie`
  ADD PRIMARY KEY (`KID`);

--
-- Indexes for table `Kunde`
--
ALTER TABLE `Kunde`
  ADD PRIMARY KEY (`KundID`);

--
-- Indexes for table `Lieferant`
--
ALTER TABLE `Lieferant`
  ADD PRIMARY KEY (`LID`);

--
-- Indexes for table `liefert`
--
ALTER TABLE `liefert`
  ADD PRIMARY KEY (`ZID`,`LID`),
  ADD KEY `LID` (`LID`);

--
-- Indexes for table `Zutat`
--
ALTER TABLE `Zutat`
  ADD PRIMARY KEY (`ZID`);

--
-- AUTO_INCREMENT for dumped tables
--

--
-- AUTO_INCREMENT for table `Cocktail`
--
ALTER TABLE `Cocktail`
  MODIFY `CID` int(10) UNSIGNED NOT NULL AUTO_INCREMENT, AUTO_INCREMENT=53;
--
-- AUTO_INCREMENT for table `Gefaess`
--
ALTER TABLE `Gefaess`
  MODIFY `GID` tinyint(3) UNSIGNED NOT NULL AUTO_INCREMENT, AUTO_INCREMENT=15;
--
-- AUTO_INCREMENT for table `Kategorie`
--
ALTER TABLE `Kategorie`
  MODIFY `KID` tinyint(3) UNSIGNED NOT NULL AUTO_INCREMENT, AUTO_INCREMENT=7;
--
-- AUTO_INCREMENT for table `Kunde`
--
ALTER TABLE `Kunde`
  MODIFY `KundID` int(10) UNSIGNED NOT NULL AUTO_INCREMENT, AUTO_INCREMENT=101;
--
-- AUTO_INCREMENT for table `Lieferant`
--
ALTER TABLE `Lieferant`
  MODIFY `LID` smallint(5) UNSIGNED NOT NULL AUTO_INCREMENT, AUTO_INCREMENT=10;
--
-- AUTO_INCREMENT for table `Zutat`
--
ALTER TABLE `Zutat`
  MODIFY `ZID` smallint(5) UNSIGNED NOT NULL AUTO_INCREMENT, AUTO_INCREMENT=50;
--
-- Constraints for dumped tables
--

--
-- Constraints for table `besteht`
--
ALTER TABLE `besteht`
  ADD CONSTRAINT `besteht_ibfk_1` FOREIGN KEY (`CID`) REFERENCES `Cocktail` (`CID`) ON UPDATE CASCADE,
  ADD CONSTRAINT `besteht_ibfk_2` FOREIGN KEY (`ZID`) REFERENCES `Zutat` (`ZID`) ON UPDATE CASCADE;

--
-- Constraints for table `bestellt`
--
ALTER TABLE `bestellt`
  ADD CONSTRAINT `bestellt_ibfk_1` FOREIGN KEY (`KundID`) REFERENCES `Kunde` (`KundID`) ON UPDATE CASCADE,
  ADD CONSTRAINT `bestellt_ibfk_2` FOREIGN KEY (`CID`) REFERENCES `Cocktail` (`CID`) ON UPDATE CASCADE;

--
-- Constraints for table `Cocktail`
--
ALTER TABLE `Cocktail`
  ADD CONSTRAINT `Cocktail_ibfk_1` FOREIGN KEY (`KID`) REFERENCES `Kategorie` (`KID`) ON UPDATE CASCADE,
  ADD CONSTRAINT `Cocktail_ibfk_2` FOREIGN KEY (`zGID`) REFERENCES `Gefaess` (`GID`) ON UPDATE CASCADE,
  ADD CONSTRAINT `Cocktail_ibfk_3` FOREIGN KEY (`sGID`) REFERENCES `Gefaess` (`GID`) ON UPDATE CASCADE;

--
-- Constraints for table `liefert`
--
ALTER TABLE `liefert`
  ADD CONSTRAINT `liefert_ibfk_1` FOREIGN KEY (`ZID`) REFERENCES `Zutat` (`ZID`) ON UPDATE CASCADE,
  ADD CONSTRAINT `liefert_ibfk_2` FOREIGN KEY (`LID`) REFERENCES `Lieferant` (`LID`) ON UPDATE CASCADE;

/*!40101 SET CHARACTER_SET_CLIENT=@OLD_CHARACTER_SET_CLIENT */;
/*!40101 SET CHARACTER_SET_RESULTS=@OLD_CHARACTER_SET_RESULTS */;
/*!40101 SET COLLATION_CONNECTION=@OLD_COLLATION_CONNECTION */;
